{
  "features": {
    "EXT_SOURCE_1": {
      "mean": 0.5014368996612397,
      "std": 0.21134165957084394,
      "min": 0.0145681324124455,
      "max": 0.9516239622079844,
      "missing_pct": 0.5628740993668893,
      "psi": {
        "bin_edges": [
          0.0145681324124455,
          0.21170380546675938,
          0.29566979550407885,
          0.3678874631539246,
          0.43675765185391113,
          0.505153862331764,
          0.5725211246925725,
          0.6396232158731849,
          0.7100580407073811,
          0.7868346744229148,
          0.9516239622079844
        ],
        "expected": [
          0.10000116239872602,
          0.10000116239872602,
          0.10000116239872602,
          0.10000116239872602,
          0.0999895384114659,
          0.10000116239872602,
          0.10000116239872602,
          0.0999779144242058,
          0.10002441037324623,
          0.10000116239872602
        ]
      }
    },
    "EXT_SOURCE_2": {
      "mean": 0.5143088140414456,
      "std": 0.1910041828091935,
      "min": 8.173616518884397e-08,
      "max": 0.8549996664047012,
      "missing_pct": 0.0021035944026096764,
      "psi": {
        "bin_edges": [
          8.173616518884397e-08,
          0.215870861178472,
          0.34018085591868297,
          0.44030680009625595,
          0.5120890199670126,
          0.5658163831199711,
          0.6080549432277604,
          0.6456736620895455,
          0.6820346504189889,
          0.7218619249165623,
          0.8549996664047012
        ],
        "expected": [
          0.1000040734856817,
          0.09999898162857958,
          0.09999898162857958,
          0.09999898162857958,
          0.0999837060572732,
          0.10001425719988594,
          0.09999388977147745,
          0.1000040734856817,
          0.09999898162857958,
          0.1000040734856817
        ]
      }
    },
    "EXT_SOURCE_3": {
      "mean": 0.510923122164958,
      "std": 0.19457028410080418,
      "min": 0.0005272652387098,
      "max": 0.8960095494948396,
      "missing_pct": 0.19823074499761187,
      "psi": {
        "bin_edges": [
          0.0005272652387098,
          0.228883416700673,
          0.3296550543128238,
          0.4083588531230431,
          0.475849908720221,
          0.5352762504724826,
          0.5902333386185574,
          0.6430255641096323,
          0.6940926425266661,
          0.7490217048463391,
          0.8960095494948396
        ],
        "expected": [
          0.09957982926999297,
          0.09836938267223515,
          0.1008853371188836,
          0.10061916561571173,
          0.09845810650662577,
          0.09907917334736015,
          0.10270417572389143,
          0.09990937494058671,
          0.0980841989188367,
          0.1023112558858758
        ]
      }
    },
    "AMT_INCOME_TOTAL": {
      "mean": 168329.56229368006,
      "std": 109090.26082387076,
      "min": 25650.0,
      "max": 18000090.0,
      "missing_pct": 0.0,
      "psi": {
        "bin_edges": [
          25650.0,
          81000.0,
          99000.0,
          112500.0,
          135000.0,
          148500.0,
          162000.0,
          180000.0,
          225000.0,
          270000.0,
          18000090.0
        ],
        "expected": [
          0.0891741105454102,
          0.10637887056288935,
          0.030944178531142345,
          0.14244484416125525,
          0.13092080526000224,
          0.09659766470534435,
          0.024856965742914343,
          0.1587400790626302,
          0.096521447516844,
          0.12342103391156774
        ]
      }
    },
    "AMT_CREDIT": {
      "mean": 599358.2662647481,
      "std": 402936.5596084772,
      "min": 45000.0,
      "max": 4050000.0,
      "missing_pct": 0.0,
      "psi": {
        "bin_edges": [
          45000.0,
          180000.0,
          254700.0,
          305955.0,
          432567.0,
          513531.0,
          604152.0,
          755190.0,
          900000.0,
          1133748.0,
          4050000.0
        ],
        "expected": [
          0.0843266973567879,
          0.11255246283141775,
          0.10296942166397366,
          0.10013922339766064,
          0.09971240714205867,
          0.0988486123390547,
          0.10019003485666088,
          0.08894545897990914,
          0.11191731959391482,
          0.10039836183856184
        ]
      }
    },
    "DAYS_BIRTH": {
      "mean": -16032.81451276892,
      "std": 4364.86342288606,
      "min": -25229.0,
      "max": -7489.0,
      "missing_pct": 0.0,
      "psi": {
        "bin_edges": [
          -25229.0,
          -22174.5,
          -20469.0,
          -18889.0,
          -17225.0,
          -15750.0,
          -14411.0,
          -13139.0,
          -11685.0,
          -10275.0,
          -7489.0
        ],
        "expected": [
          0.10000203245836001,
          0.09997154558295987,
          0.10001219475016006,
          0.10001219475016006,
          0.0999359775616597,
          0.10002235704196011,
          0.10002743818786013,
          0.0999359775616597,
          0.10007316850096033,
          0.10000711360426004
        ]
      }
    },
    "DAYS_EMPLOYED": {
      "mean": 63630.77296932004,
      "std": 141130.88564111321,
      "min": -17912.0,
      "max": 365243.0,
      "missing_pct": 0.0,
      "psi": {
        "bin_edges": [
          -17912.0,
          -4907.0,
          -3236.0,
          -2372.0,
          -1699.0,
          -1219.0,
          -826.0,
          -460.0,
          -147.0,
          365243.0
        ],
        "expected": [
          0.09997154558295987,
          0.10002743818786013,
          0.09995122099935977,
          0.10003760047966018,
          0.0998902472485595,
          0.10009857423046045,
          0.0997581374551589,
          0.09999695131245999,
          0.20026828450352124
        ]
      }
    }
  }
}