{
  "features": {
    "EXT_SOURCE_1": {
      "mean": 0.5014368996612397,
      "std": 0.21134165957084394,
      "min": 0.0145681324124455,
      "max": 0.9516239622079844,
      "missing_pct": 0.5628740993668893
    },
    "EXT_SOURCE_2": {
      "mean": 0.5143088140414456,
      "std": 0.1910041828091935,
      "min": 8.173616518884397e-08,
      "max": 0.8549996664047012,
      "missing_pct": 0.0021035944026096764
    },
    "EXT_SOURCE_3": {
      "mean": 0.510923122164958,
      "std": 0.19457028410080418,
      "min": 0.0005272652387098,
      "max": 0.8960095494948396,
      "missing_pct": 0.19823074499761187
    },
    "AMT_INCOME_TOTAL": {
      "mean": 168329.56229368006,
      "std": 109090.26082387076,
      "min": 25650.0,
      "max": 18000090.0,
      "missing_pct": 0.0
    },
    "AMT_CREDIT": {
      "mean": 599358.2662647481,
      "std": 402936.5596084772,
      "min": 45000.0,
      "max": 4050000.0,
      "missing_pct": 0.0
    },
    "DAYS_BIRTH": {
      "mean": -16032.81451276892,
      "std": 4364.86342288606,
      "min": -25229.0,
      "max": -7489.0,
      "missing_pct": 0.0
    },
    "DAYS_EMPLOYED": {
      "mean": 63630.77296932004,
      "std": 141130.88564111321,
      "min": -17912.0,
      "max": 365243.0,
      "missing_pct": 0.0
    }
  }
}